<?xml version="1.0" encoding="utf-8"?>
<feed xmlns="http://www.w3.org/2005/Atom" xmlns:media="http://search.yahoo.com/mrss/">
    <title>supernihil</title>
    <link href="https://supernihil.buro.earth/feed.xml" rel="self" />
    <link href="https://supernihil.buro.earth" />
    <updated>2024-12-12T10:53:37+01:00</updated>
    <author>
        <name>supernihil</name>
    </author>
    <id>https://supernihil.buro.earth</id>

    <entry>
        <title>left you behind</title>
        <author>
            <name>supernihil</name>
        </author>
        <link href="https://supernihil.buro.earth/left-you-behind.html"/>
        <id>https://supernihil.buro.earth/left-you-behind.html</id>
        <media:content url="https://supernihil.buro.earth/media/posts/13/Screenshot-from-2024-12-12-10-45-48.png" medium="image" />
            <category term="video"/>

        <updated>2024-06-05T10:45:00+02:00</updated>
            <summary></summary>
        <content type="html">
            <![CDATA[
                    <p><img src="https://supernihil.buro.earth/media/posts/13/Screenshot-from-2024-12-12-10-45-48.png" class="type:primaryImage" alt="" /></p>
                <figure class="post__video"><iframe loading="lazy" width="560" height="314" src="https://www.youtube.com/embed/isKDiC5HGUo?si=5qkY3MTtjiKmHDvR" allowfullscreen="allowfullscreen" data-mce-fragment="1"></iframe></figure>
            ]]>
        </content>
    </entry>
    <entry>
        <title>Rotteræs</title>
        <author>
            <name>supernihil</name>
        </author>
        <link href="https://supernihil.buro.earth/rotteraes.html"/>
        <id>https://supernihil.buro.earth/rotteraes.html</id>
        <media:content url="https://supernihil.buro.earth/media/posts/15/Screenshot-from-2024-12-12-10-48-08.png" medium="image" />
            <category term="video"/>

        <updated>2024-05-27T10:48:00+02:00</updated>
            <summary></summary>
        <content type="html">
            <![CDATA[
                    <p><img src="https://supernihil.buro.earth/media/posts/15/Screenshot-from-2024-12-12-10-48-08.png" class="type:primaryImage" alt="" /></p>
                <figure class="post__video"><iframe loading="lazy" width="560" height="314" src="https://www.youtube.com/embed/he0rzqIOsc8?si=zFSK27dEI9B6YQSd" allowfullscreen="allowfullscreen" data-mce-fragment="1"></iframe></figure>
            ]]>
        </content>
    </entry>
    <entry>
        <title>you make me smile</title>
        <author>
            <name>supernihil</name>
        </author>
        <link href="https://supernihil.buro.earth/you-make-me-smile.html"/>
        <id>https://supernihil.buro.earth/you-make-me-smile.html</id>
        <media:content url="https://supernihil.buro.earth/media/posts/14/Screenshot-from-2024-12-12-10-46-46.png" medium="image" />
            <category term="video"/>

        <updated>2023-12-01T10:47:00+01:00</updated>
            <summary></summary>
        <content type="html">
            <![CDATA[
                    <p><img src="https://supernihil.buro.earth/media/posts/14/Screenshot-from-2024-12-12-10-46-46.png" class="type:primaryImage" alt="" /></p>
                <figure class="post__video"><iframe loading="lazy" width="560" height="314" src="https://www.youtube.com/embed/Q4Vs-DHTJQM?si=R9Pkberu4o9mV4iE" allowfullscreen="allowfullscreen" data-mce-fragment="1"></iframe></figure>
            ]]>
        </content>
    </entry>
    <entry>
        <title>otpei (feat hllw) - Ro</title>
        <author>
            <name>supernihil</name>
        </author>
        <link href="https://supernihil.buro.earth/video.html"/>
        <id>https://supernihil.buro.earth/video.html</id>
        <media:content url="https://supernihil.buro.earth/media/posts/1/Screenshot-from-2024-12-12-09-52-30.png" medium="image" />
            <category term="video"/>
            <category term="programatic"/>

        <updated>2023-10-25T09:54:00+02:00</updated>
            <summary></summary>
        <content type="html">
            <![CDATA[
                    <p><img src="https://supernihil.buro.earth/media/posts/1/Screenshot-from-2024-12-12-09-52-30.png" class="type:primaryImage" alt="" /></p>
                <figure class="post__video"><iframe loading="lazy" width="560" height="314" src="https://www.youtube.com/embed/fwYM107GNf0?si=3-1xYzv9N-7al33J" allowfullscreen="allowfullscreen" data-mce-fragment="1"></iframe></figure>
            ]]>
        </content>
    </entry>
    <entry>
        <title>untitled garbage</title>
        <author>
            <name>supernihil</name>
        </author>
        <link href="https://supernihil.buro.earth/untitled-garbage.html"/>
        <id>https://supernihil.buro.earth/untitled-garbage.html</id>
        <media:content url="https://supernihil.buro.earth/media/posts/4/Screenshot-from-2024-12-12-10-25-08.png" medium="image" />
            <category term="video"/>
            <category term="software"/>

        <updated>2022-11-17T10:25:00+01:00</updated>
            <summary>
                <![CDATA[
                        <img src="https://supernihil.buro.earth/media/posts/4/Screenshot-from-2024-12-12-10-25-08.png" alt="" />
                    https://gist.github.com/sloev/15b4b62c7b3d69295becd75844775760
                ]]>
            </summary>
        <content type="html">
            <![CDATA[
                    <p><img src="https://supernihil.buro.earth/media/posts/4/Screenshot-from-2024-12-12-10-25-08.png" class="type:primaryImage" alt="" /></p>
                <figure class="post__video"><iframe loading="lazy" width="560" height="314" src="https://www.youtube.com/embed/flFXUq3kOzU?si=8xi1UunMQWzYMsYn" allowfullscreen="allowfullscreen" data-mce-fragment="1"></iframe></figure>
<p>https://gist.github.com/sloev/15b4b62c7b3d69295becd75844775760</p>
            ]]>
        </content>
    </entry>
    <entry>
        <title>THE PLANT x IZUMISAN ENSEMBLE | TWISDEAD INSTRUMENT [OFFICIAL VIDEO]</title>
        <author>
            <name>supernihil</name>
        </author>
        <link href="https://supernihil.buro.earth/the-plant-x-izumisan-ensemble-or-twisdead-instrument-official-video.html"/>
        <id>https://supernihil.buro.earth/the-plant-x-izumisan-ensemble-or-twisdead-instrument-official-video.html</id>
        <media:content url="https://supernihil.buro.earth/media/posts/2/Screenshot-from-2024-12-12-10-10-58.png" medium="image" />
            <category term="video"/>
            <category term="programatic"/>

        <updated>2021-05-09T10:11:00+02:00</updated>
            <summary></summary>
        <content type="html">
            <![CDATA[
                    <p><img src="https://supernihil.buro.earth/media/posts/2/Screenshot-from-2024-12-12-10-10-58.png" class="type:primaryImage" alt="" /></p>
                <figure class="post__video"><iframe loading="lazy" width="560" height="314" src="https://www.youtube.com/embed/XN1YufBbwD0?si=EvjTXBqs-jOn32V3" allowfullscreen="allowfullscreen" data-mce-fragment="1"></iframe></figure>
            ]]>
        </content>
    </entry>
    <entry>
        <title>gutenhaiku</title>
        <author>
            <name>supernihil</name>
        </author>
        <link href="https://supernihil.buro.earth/gutenhaiku.html"/>
        <id>https://supernihil.buro.earth/gutenhaiku.html</id>
        <media:content url="https://supernihil.buro.earth/media/posts/3/Screenshot-from-2024-12-12-10-21-16.png" medium="image" />
            <category term="software"/>

        <updated>2020-09-02T10:21:00+02:00</updated>
            <summary>
                <![CDATA[
                        <img src="https://supernihil.buro.earth/media/posts/3/Screenshot-from-2024-12-12-10-21-16.png" alt="" />
                    https://github.com/sloev/gutenhaiku
                ]]>
            </summary>
        <content type="html">
            <![CDATA[
                    <p><img src="https://supernihil.buro.earth/media/posts/3/Screenshot-from-2024-12-12-10-21-16.png" class="type:primaryImage" alt="" /></p>
                <p>https://github.com/sloev/gutenhaiku</p>
            ]]>
        </content>
    </entry>
    <entry>
        <title>radio nabovarme</title>
        <author>
            <name>supernihil</name>
        </author>
        <link href="https://supernihil.buro.earth/radio-nabovarme.html"/>
        <id>https://supernihil.buro.earth/radio-nabovarme.html</id>
        <media:content url="https://supernihil.buro.earth/media/posts/16/thumb.jpg" medium="image" />
            <category term="performance"/>

        <updated>2019-11-18T10:50:00+01:00</updated>
            <summary>
                <![CDATA[
                        <img src="https://supernihil.buro.earth/media/posts/16/thumb.jpg" alt="" />
                    http://nabovarme.meterlogger.net:9999/
                ]]>
            </summary>
        <content type="html">
            <![CDATA[
                    <p><img src="https://supernihil.buro.earth/media/posts/16/thumb.jpg" class="type:primaryImage" alt="" /></p>
                <p>http://nabovarme.meterlogger.net:9999/</p>
            ]]>
        </content>
    </entry>
    <entry>
        <title>photobooth</title>
        <author>
            <name>supernihil</name>
        </author>
        <link href="https://supernihil.buro.earth/photobooth.html"/>
        <id>https://supernihil.buro.earth/photobooth.html</id>
        <media:content url="https://supernihil.buro.earth/media/posts/17/Screenshot-from-2024-12-12-10-51-47.png" medium="image" />
            <category term="performance"/>
            <category term="engineering"/>

        <updated>2019-01-19T10:52:00+01:00</updated>
            <summary></summary>
        <content type="html">
            <![CDATA[
                    <p><img src="https://supernihil.buro.earth/media/posts/17/Screenshot-from-2024-12-12-10-51-47.png" class="type:primaryImage" alt="" /></p>
                <figure class="post__video"><iframe loading="lazy" width="560" height="314" src="https://www.youtube.com/embed/4fXzuDtlc6Q?si=XMlU2i9wTCjjU3za" allowfullscreen="allowfullscreen" data-mce-fragment="1"></iframe></figure>
            ]]>
        </content>
    </entry>
    <entry>
        <title>paul auster </title>
        <author>
            <name>supernihil</name>
        </author>
        <link href="https://supernihil.buro.earth/paul-auster.html"/>
        <id>https://supernihil.buro.earth/paul-auster.html</id>
        <media:content url="https://supernihil.buro.earth/media/posts/7/Screenshot-from-2024-12-12-10-31-22.png" medium="image" />
            <category term="software"/>

        <updated>2019-01-12T10:32:00+01:00</updated>
            <summary></summary>
        <content type="html">
            <![CDATA[
                    <p><img src="https://supernihil.buro.earth/media/posts/7/Screenshot-from-2024-12-12-10-31-22.png" class="type:primaryImage" alt="" /></p>
                <figure class="post__video"><iframe loading="lazy" width="560" height="314" src="https://www.youtube.com/embed/cjQir99ix00?si=Xz30Eq0VmUx9BjoR" allowfullscreen="allowfullscreen" data-mce-fragment="1"></iframe></figure>
            ]]>
        </content>
    </entry>
</feed>
