<?xml version="1.0" encoding="utf-8"?>
<feed xmlns="http://www.w3.org/2005/Atom" xmlns:media="http://search.yahoo.com/mrss/">
    <title>supernihil</title>
    <link href="https://supernihil.buro.earth/feed.xml" rel="self" />
    <link href="https://supernihil.buro.earth" />
    <updated>2025-01-07T16:31:17+01:00</updated>
    <author>
        <name>supernihil</name>
    </author>
    <id>https://supernihil.buro.earth</id>

    <entry>
        <title>cgi investigated</title>
        <author>
            <name>supernihil</name>
        </author>
        <link href="https://supernihil.buro.earth/cgi-investigated.html"/>
        <id>https://supernihil.buro.earth/cgi-investigated.html</id>
        <media:content url="https://supernihil.buro.earth/media/posts/24/Screenshot-from-2025-01-07-16-27-01.png" medium="image" />
            <category term="video"/>

        <updated>2024-12-21T16:27:00+01:00</updated>
            <summary></summary>
        <content type="html">
            <![CDATA[
                    <p><img src="https://supernihil.buro.earth/media/posts/24/Screenshot-from-2025-01-07-16-27-01.png" class="type:primaryImage" alt="" /></p>
                <figure class="post__video"><iframe loading="lazy" width="560" height="314" src="https://www.youtube.com/embed/npWAhQB-MPc?t=1458s&amp;ab_channel=JohannesValbj" allowfullscreen="allowfullscreen" data-mce-fragment="1"></iframe></figure>
            ]]>
        </content>
    </entry>
    <entry>
        <title>simkojn</title>
        <author>
            <name>supernihil</name>
        </author>
        <link href="https://supernihil.buro.earth/simkojn.html"/>
        <id>https://supernihil.buro.earth/simkojn.html</id>
        <media:content url="https://supernihil.buro.earth/media/posts/19/Screenshot-from-2025-01-07-16-09-11.png" medium="image" />
            <category term="performance"/>

        <updated>2024-07-20T16:10:00+02:00</updated>
            <summary>
                <![CDATA[
                        <img src="https://supernihil.buro.earth/media/posts/19/Screenshot-from-2025-01-07-16-09-11.png" alt="" />
                    When thinking about offline currency and simcards we identified the following: read more here: https://sloev.github.io/simkojn/
                ]]>
            </summary>
        <content type="html">
            <![CDATA[
                    <p><img src="https://supernihil.buro.earth/media/posts/19/Screenshot-from-2025-01-07-16-09-11.png" class="type:primaryImage" alt="" /></p>
                <p>When thinking about offline currency and simcards we identified the following:</p>
<ul>
<li><strong>verifiable</strong> centrally issued identifier printed on card and can be verified by inserting into any phone</li>
<li><strong>coin-like</strong> small physical tokens</li>
<li><strong>offline</strong> verification processes could be as simple as a distributed poster with whitelisted id's</li>
<li><strong>distributed and decentralized</strong> bootstrapping based on trust in accepted id's</li>
</ul>
<p>read more here: <a href="When thinking about offline currency and simcards we identified the following: verifiable centrally issued identifier printed on card and can be verified by inserting into any phone coin-like small physical tokens offline verification processes could be as simple as a distributed poster with whitelisted id's distributed and decentralized bootstrapping based on trust in accepted id's">https://sloev.github.io/simkojn/</a></p>
            ]]>
        </content>
    </entry>
    <entry>
        <title>left you behind</title>
        <author>
            <name>supernihil</name>
        </author>
        <link href="https://supernihil.buro.earth/left-you-behind.html"/>
        <id>https://supernihil.buro.earth/left-you-behind.html</id>
        <media:content url="https://supernihil.buro.earth/media/posts/13/Screenshot-from-2024-12-12-10-45-48.png" medium="image" />
            <category term="video"/>

        <updated>2024-06-05T10:45:00+02:00</updated>
            <summary></summary>
        <content type="html">
            <![CDATA[
                    <p><img src="https://supernihil.buro.earth/media/posts/13/Screenshot-from-2024-12-12-10-45-48.png" class="type:primaryImage" alt="" /></p>
                <figure class="post__video"><iframe loading="lazy" width="560" height="314" src="https://www.youtube.com/embed/isKDiC5HGUo?si=5qkY3MTtjiKmHDvR" allowfullscreen="allowfullscreen" data-mce-fragment="1"></iframe></figure>
            ]]>
        </content>
    </entry>
    <entry>
        <title>Rotteræs</title>
        <author>
            <name>supernihil</name>
        </author>
        <link href="https://supernihil.buro.earth/rotteraes.html"/>
        <id>https://supernihil.buro.earth/rotteraes.html</id>
        <media:content url="https://supernihil.buro.earth/media/posts/15/Screenshot-from-2024-12-12-10-48-08.png" medium="image" />
            <category term="video"/>

        <updated>2024-05-27T10:48:00+02:00</updated>
            <summary></summary>
        <content type="html">
            <![CDATA[
                    <p><img src="https://supernihil.buro.earth/media/posts/15/Screenshot-from-2024-12-12-10-48-08.png" class="type:primaryImage" alt="" /></p>
                <figure class="post__video"><iframe loading="lazy" width="560" height="314" src="https://www.youtube.com/embed/he0rzqIOsc8?si=zFSK27dEI9B6YQSd" allowfullscreen="allowfullscreen" data-mce-fragment="1"></iframe></figure>
            ]]>
        </content>
    </entry>
    <entry>
        <title>you make me smile</title>
        <author>
            <name>supernihil</name>
        </author>
        <link href="https://supernihil.buro.earth/you-make-me-smile.html"/>
        <id>https://supernihil.buro.earth/you-make-me-smile.html</id>
        <media:content url="https://supernihil.buro.earth/media/posts/14/Screenshot-from-2024-12-12-10-46-46.png" medium="image" />
            <category term="video"/>

        <updated>2023-12-01T10:47:00+01:00</updated>
            <summary></summary>
        <content type="html">
            <![CDATA[
                    <p><img src="https://supernihil.buro.earth/media/posts/14/Screenshot-from-2024-12-12-10-46-46.png" class="type:primaryImage" alt="" /></p>
                <figure class="post__video"><iframe loading="lazy" width="560" height="314" src="https://www.youtube.com/embed/Q4Vs-DHTJQM?si=R9Pkberu4o9mV4iE" allowfullscreen="allowfullscreen" data-mce-fragment="1"></iframe></figure>
            ]]>
        </content>
    </entry>
    <entry>
        <title>otpei (feat hllw) - Ro</title>
        <author>
            <name>supernihil</name>
        </author>
        <link href="https://supernihil.buro.earth/video.html"/>
        <id>https://supernihil.buro.earth/video.html</id>
        <media:content url="https://supernihil.buro.earth/media/posts/1/Screenshot-from-2024-12-12-09-52-30.png" medium="image" />
            <category term="video"/>
            <category term="programatic"/>

        <updated>2023-10-25T09:54:00+02:00</updated>
            <summary></summary>
        <content type="html">
            <![CDATA[
                    <p><img src="https://supernihil.buro.earth/media/posts/1/Screenshot-from-2024-12-12-09-52-30.png" class="type:primaryImage" alt="" /></p>
                <figure class="post__video"><iframe loading="lazy" width="560" height="314" src="https://www.youtube.com/embed/fwYM107GNf0?si=3-1xYzv9N-7al33J" allowfullscreen="allowfullscreen" data-mce-fragment="1"></iframe></figure>
            ]]>
        </content>
    </entry>
    <entry>
        <title>live coding visuals</title>
        <author>
            <name>supernihil</name>
        </author>
        <link href="https://supernihil.buro.earth/live-coding-visuals.html"/>
        <id>https://supernihil.buro.earth/live-coding-visuals.html</id>
        <media:content url="https://supernihil.buro.earth/media/posts/25/Screenshot-from-2025-01-07-16-31-09.png" medium="image" />
            <category term="video"/>
            <category term="performance"/>

        <updated>2022-11-29T16:29:00+01:00</updated>
            <summary>
                <![CDATA[
                        <img src="https://supernihil.buro.earth/media/posts/25/Screenshot-from-2025-01-07-16-31-09.png" alt="" />
                    using loaf code: https://github.com/sloev/loaf_sketches
                ]]>
            </summary>
        <content type="html">
            <![CDATA[
                    <p><img src="https://supernihil.buro.earth/media/posts/25/Screenshot-from-2025-01-07-16-31-09.png" class="type:primaryImage" alt="" /></p>
                <p>using loaf</p>
<p>code:<a href="https://github.com/sloev/loaf_sketches"> https://github.com/sloev/loaf_sketches</a></p>
<figure class="post__video"><iframe loading="lazy" width="560" height="314" src="https://www.youtube.com/embed/tdI-lV870Mo?ab_channel=JohannesValbj" allowfullscreen="allowfullscreen" data-mce-fragment="1"></iframe></figure>
            ]]>
        </content>
    </entry>
    <entry>
        <title>untitled garbage</title>
        <author>
            <name>supernihil</name>
        </author>
        <link href="https://supernihil.buro.earth/untitled-garbage.html"/>
        <id>https://supernihil.buro.earth/untitled-garbage.html</id>
        <media:content url="https://supernihil.buro.earth/media/posts/4/Screenshot-from-2024-12-12-10-25-08.png" medium="image" />
            <category term="video"/>
            <category term="software"/>

        <updated>2022-11-17T10:25:00+01:00</updated>
            <summary>
                <![CDATA[
                        <img src="https://supernihil.buro.earth/media/posts/4/Screenshot-from-2024-12-12-10-25-08.png" alt="" />
                    https://gist.github.com/sloev/15b4b62c7b3d69295becd75844775760
                ]]>
            </summary>
        <content type="html">
            <![CDATA[
                    <p><img src="https://supernihil.buro.earth/media/posts/4/Screenshot-from-2024-12-12-10-25-08.png" class="type:primaryImage" alt="" /></p>
                <figure class="post__video"><iframe loading="lazy" width="560" height="314" src="https://www.youtube.com/embed/flFXUq3kOzU?si=8xi1UunMQWzYMsYn" allowfullscreen="allowfullscreen" data-mce-fragment="1"></iframe></figure>
<p>https://gist.github.com/sloev/15b4b62c7b3d69295becd75844775760</p>
            ]]>
        </content>
    </entry>
    <entry>
        <title>sodamixer &amp; beatape</title>
        <author>
            <name>supernihil</name>
        </author>
        <link href="https://supernihil.buro.earth/sodamixer-and-beatape.html"/>
        <id>https://supernihil.buro.earth/sodamixer-and-beatape.html</id>
        <media:content url="https://supernihil.buro.earth/media/posts/20/6y31qmy31inj791bu0jh.png" medium="image" />
            <category term="video"/>
            <category term="software"/>

        <updated>2022-10-17T16:14:00+02:00</updated>
            <summary>
                <![CDATA[
                        <img src="https://supernihil.buro.earth/media/posts/20/6y31qmy31inj791bu0jh.png" alt="" />
                    Article on vj-union: https://vjun.io/vdmo/sodamixer-beatape-5a63 Beatape: https://github.com/sloev/beatape Listens to audio input Computes bpm and onsets continously (think waveclock, but better) Drives a clock Drives a stepsequencer Sends&hellip;
                ]]>
            </summary>
        <content type="html">
            <![CDATA[
                    <p><img src="https://supernihil.buro.earth/media/posts/20/6y31qmy31inj791bu0jh.png" class="type:primaryImage" alt="" /></p>
                <p>Article on vj-union: <a href="https://vjun.io/vdmo/sodamixer-beatape-5a63">https://vjun.io/vdmo/sodamixer-beatape-5a63</a></p>
<p>Beatape: <a href="https://github.com/sloev/beatape">https://github.com/sloev/beatape</a></p>
<p>Listens to audio input Computes bpm and onsets continously (think waveclock, but better) Drives a clock Drives a stepsequencer Sends out osc values</p>
<p>Sodamixer: <a href="https://github.com/sloev/sodamixer">https://github.com/sloev/sodamixer</a></p>
<p>3 channel video mixer Video speed is adjusted to received values from beatape If given a video, will guarantee that all second positions in video (00:01 00:02 00:03 etc) will fall on a beat in the listened music.</p>
<figure class="post__video"><iframe loading="lazy" width="560" height="314" src="https://www.youtube.com/embed/ffq7l5KE5VU" allowfullscreen="allowfullscreen" data-mce-fragment="1"></iframe></figure>
<p> </p>
            ]]>
        </content>
    </entry>
    <entry>
        <title>THE PLANT x IZUMISAN ENSEMBLE | TWISDEAD INSTRUMENT [OFFICIAL VIDEO]</title>
        <author>
            <name>supernihil</name>
        </author>
        <link href="https://supernihil.buro.earth/the-plant-x-izumisan-ensemble-or-twisdead-instrument-official-video.html"/>
        <id>https://supernihil.buro.earth/the-plant-x-izumisan-ensemble-or-twisdead-instrument-official-video.html</id>
        <media:content url="https://supernihil.buro.earth/media/posts/2/Screenshot-from-2024-12-12-10-10-58.png" medium="image" />
            <category term="video"/>
            <category term="programatic"/>

        <updated>2021-05-09T10:11:00+02:00</updated>
            <summary></summary>
        <content type="html">
            <![CDATA[
                    <p><img src="https://supernihil.buro.earth/media/posts/2/Screenshot-from-2024-12-12-10-10-58.png" class="type:primaryImage" alt="" /></p>
                <figure class="post__video"><iframe loading="lazy" width="560" height="314" src="https://www.youtube.com/embed/XN1YufBbwD0?si=EvjTXBqs-jOn32V3" allowfullscreen="allowfullscreen" data-mce-fragment="1"></iframe></figure>
            ]]>
        </content>
    </entry>
</feed>
