[
    {
        "path": "34c3-nabovarme-opensource-heating-infrastructure-in-christiania.html",
        "type": "file",
        "md5": "9eb96632a844165b44101f4cd9debebd"
    },
    {
        "path": "404.html",
        "type": "file",
        "md5": "c0a40dae2dfd3bced7171cb57f43cc51"
    },
    {
        "path": "CNAME",
        "type": "file",
        "md5": "b7067e20cca5c9bf468ed8057ae5aacf"
    },
    {
        "path": "assets",
        "type": "directory",
        "md5": false
    },
    {
        "path": "assets/css",
        "type": "directory",
        "md5": false
    },
    {
        "path": "/assets/css/editor.css",
        "type": "file",
        "md5": "e5909a88ba1158a79ba2dbf82d6b2d86"
    },
    {
        "path": "/assets/css/main.css",
        "type": "file",
        "md5": "6183c7a6e213be4cfe772235bac19ee8"
    },
    {
        "path": "/assets/css/photoswipe.css",
        "type": "file",
        "md5": "366561c4c503c68e3af3389ac4d7fb8e"
    },
    {
        "path": "/assets/css/style.css",
        "type": "file",
        "md5": "d0baad98ff711f566fd507c55f5e59e2"
    },
    {
        "path": "assets/dynamic",
        "type": "directory",
        "md5": false
    },
    {
        "path": "assets/dynamic/fonts",
        "type": "directory",
        "md5": false
    },
    {
        "path": "assets/dynamic/fonts/jetbrainsmono",
        "type": "directory",
        "md5": false
    },
    {
        "path": "/assets/dynamic/fonts/jetbrainsmono/jetbrainsmono-italic.woff2",
        "type": "file",
        "md5": "ea0a62e6606b4f4b0d534256db7d31cf"
    },
    {
        "path": "/assets/dynamic/fonts/jetbrainsmono/jetbrainsmono.woff2",
        "type": "file",
        "md5": "5affdf56bdbffc36af64d2616187b531"
    },
    {
        "path": "assets/js",
        "type": "directory",
        "md5": false
    },
    {
        "path": "/assets/js/photoswipe-ui-default.min.js",
        "type": "file",
        "md5": "d067f0883540b1ddda0e2c9ad1b14260"
    },
    {
        "path": "/assets/js/photoswipe.min.js",
        "type": "file",
        "md5": "017385b552f7e0d979e2e2fe6f324015"
    },
    {
        "path": "/assets/js/scripts.js",
        "type": "file",
        "md5": "51db36ac9bfaaa60d4fb7a583c143c99"
    },
    {
        "path": "/assets/js/scripts.min.js",
        "type": "file",
        "md5": "c2232aa7558e9517946129d2a1b8c770"
    },
    {
        "path": "/assets/js/svg-fix.js",
        "type": "file",
        "md5": "7c0d2bb7276904b382e80bf2d85e8a96"
    },
    {
        "path": "/assets/js/svg-map.js",
        "type": "file",
        "md5": "12d66f2b2cce51311dd05cef039befb6"
    },
    {
        "path": "assets/svg",
        "type": "directory",
        "md5": false
    },
    {
        "path": "/assets/svg/gallery-icons-dark.svg",
        "type": "file",
        "md5": "0c70735af58190b563b2940b7a07007a"
    },
    {
        "path": "/assets/svg/gallery-icons-light.svg",
        "type": "file",
        "md5": "0bb1f41e2e459d23628833c37d8532f0"
    },
    {
        "path": "/assets/svg/svg-map.svg",
        "type": "file",
        "md5": "d167697bcc673e5b8139fbdc5b9f5240"
    },
    {
        "path": "authors",
        "type": "directory",
        "md5": false
    },
    {
        "path": "authors/supernihil",
        "type": "directory",
        "md5": false
    },
    {
        "path": "/authors/supernihil/index.html",
        "type": "file",
        "md5": "2290ded6811c3777d6ced22083b93040"
    },
    {
        "path": "authors/supernihil/page",
        "type": "directory",
        "md5": false
    },
    {
        "path": "authors/supernihil/page/2",
        "type": "directory",
        "md5": false
    },
    {
        "path": "/authors/supernihil/page/2/index.html",
        "type": "file",
        "md5": "22e8964215ca06493b3755cc5c8ede78"
    },
    {
        "path": "authors/supernihil/page/3",
        "type": "directory",
        "md5": false
    },
    {
        "path": "/authors/supernihil/page/3/index.html",
        "type": "file",
        "md5": "7a535aac1825567b7991f3cdd7e8232c"
    },
    {
        "path": "feed.json",
        "type": "file",
        "md5": "b3a17e96c73b7887793894c443e73ead"
    },
    {
        "path": "feed.xml",
        "type": "file",
        "md5": "6419f2d6226e94109e581f2651ca8998"
    },
    {
        "path": "gutenhaiku.html",
        "type": "file",
        "md5": "99ddab70f1f307293aede12c2f38e5f0"
    },
    {
        "path": "index.html",
        "type": "file",
        "md5": "ee610803b09ebcea7469ef5ede9a4cfa"
    },
    {
        "path": "kattetekno.html",
        "type": "file",
        "md5": "1b7090f8db8a4644152fbfaf1c8bee1b"
    },
    {
        "path": "lambdarest.html",
        "type": "file",
        "md5": "d4b5f453745b4375728fc7c23d4d5bfd"
    },
    {
        "path": "left-you-behind.html",
        "type": "file",
        "md5": "145d91b0125ce81ba52919fd41838bcc"
    },
    {
        "path": "markov-fimbul.html",
        "type": "file",
        "md5": "44a6275aa4c138671e22122b3a59bb66"
    },
    {
        "path": "media",
        "type": "directory",
        "md5": false
    },
    {
        "path": "media/files",
        "type": "directory",
        "md5": false
    },
    {
        "path": "/media/files/logo.png",
        "type": "file",
        "md5": "255f7df6e10c795bdf63e1d383f43f21"
    },
    {
        "path": "media/posts",
        "type": "directory",
        "md5": false
    },
    {
        "path": "media/posts/1",
        "type": "directory",
        "md5": false
    },
    {
        "path": "/media/posts/1/Screenshot-from-2024-12-12-09-52-30.png",
        "type": "file",
        "md5": "5d63f6d52200d44341d79ce50e719d42"
    },
    {
        "path": "media/posts/1/responsive",
        "type": "directory",
        "md5": false
    },
    {
        "path": "/media/posts/1/responsive/Screenshot-from-2024-12-12-09-52-30-lg.png",
        "type": "file",
        "md5": "3908016da5cdf159a3aa19f53d396482"
    },
    {
        "path": "/media/posts/1/responsive/Screenshot-from-2024-12-12-09-52-30-md.png",
        "type": "file",
        "md5": "67e5d2b42dee5355b6cbcd92af19a74d"
    },
    {
        "path": "/media/posts/1/responsive/Screenshot-from-2024-12-12-09-52-30-sm.png",
        "type": "file",
        "md5": "e47411b6feef92072416d1010b68a594"
    },
    {
        "path": "/media/posts/1/responsive/Screenshot-from-2024-12-12-09-52-30-xs.png",
        "type": "file",
        "md5": "278be338faadd64b1dc55a320aae1b29"
    },
    {
        "path": "media/posts/10",
        "type": "directory",
        "md5": false
    },
    {
        "path": "/media/posts/10/Screenshot-from-2024-12-12-10-37-40.png",
        "type": "file",
        "md5": "ed0ac75fc561883d5f0c1994b40e065d"
    },
    {
        "path": "media/posts/10/responsive",
        "type": "directory",
        "md5": false
    },
    {
        "path": "/media/posts/10/responsive/Screenshot-from-2024-12-12-10-37-40-lg.png",
        "type": "file",
        "md5": "d395c4f1a8f68c4f4a4753fb7d4147c3"
    },
    {
        "path": "/media/posts/10/responsive/Screenshot-from-2024-12-12-10-37-40-md.png",
        "type": "file",
        "md5": "946c147a4920f208cd96dac25dd8d648"
    },
    {
        "path": "/media/posts/10/responsive/Screenshot-from-2024-12-12-10-37-40-sm.png",
        "type": "file",
        "md5": "20e9488fb58745c77d9357f0c624d398"
    },
    {
        "path": "/media/posts/10/responsive/Screenshot-from-2024-12-12-10-37-40-xs.png",
        "type": "file",
        "md5": "87a6aa68ba671bb163a1a60a51bfa722"
    },
    {
        "path": "media/posts/11",
        "type": "directory",
        "md5": false
    },
    {
        "path": "/media/posts/11/Screenshot-from-2024-12-12-10-39-51.png",
        "type": "file",
        "md5": "589c765cfe9b085eba814033ee1d6901"
    },
    {
        "path": "media/posts/11/responsive",
        "type": "directory",
        "md5": false
    },
    {
        "path": "/media/posts/11/responsive/Screenshot-from-2024-12-12-10-39-51-lg.png",
        "type": "file",
        "md5": "905d0c5f3bf52522a7447a3ba550da4b"
    },
    {
        "path": "/media/posts/11/responsive/Screenshot-from-2024-12-12-10-39-51-md.png",
        "type": "file",
        "md5": "1b14abc3c3c8af358fbfefaeae269252"
    },
    {
        "path": "/media/posts/11/responsive/Screenshot-from-2024-12-12-10-39-51-sm.png",
        "type": "file",
        "md5": "e8f2b35a4647abebc1522a257a861aec"
    },
    {
        "path": "/media/posts/11/responsive/Screenshot-from-2024-12-12-10-39-51-xs.png",
        "type": "file",
        "md5": "79a653a609f5ddc9630948b2a6f3c508"
    },
    {
        "path": "media/posts/12",
        "type": "directory",
        "md5": false
    },
    {
        "path": "/media/posts/12/Screenshot-from-2024-12-12-10-42-44.png",
        "type": "file",
        "md5": "bf64568220017cba9b937fbc0ba11831"
    },
    {
        "path": "media/posts/12/responsive",
        "type": "directory",
        "md5": false
    },
    {
        "path": "/media/posts/12/responsive/Screenshot-from-2024-12-12-10-42-44-lg.png",
        "type": "file",
        "md5": "94504bf39afd8bcae9e825efdebb217f"
    },
    {
        "path": "/media/posts/12/responsive/Screenshot-from-2024-12-12-10-42-44-md.png",
        "type": "file",
        "md5": "18cf5fe9af30c884277af223cb5c3c8d"
    },
    {
        "path": "/media/posts/12/responsive/Screenshot-from-2024-12-12-10-42-44-sm.png",
        "type": "file",
        "md5": "c22f65269203d8f7ad4cb336158b287d"
    },
    {
        "path": "/media/posts/12/responsive/Screenshot-from-2024-12-12-10-42-44-xs.png",
        "type": "file",
        "md5": "17334325d34b4cb2ddfb80086221b85d"
    },
    {
        "path": "media/posts/13",
        "type": "directory",
        "md5": false
    },
    {
        "path": "/media/posts/13/Screenshot-from-2024-12-12-10-45-48.png",
        "type": "file",
        "md5": "7ba537a4c20fb753d39aa31993ab9a20"
    },
    {
        "path": "media/posts/13/responsive",
        "type": "directory",
        "md5": false
    },
    {
        "path": "/media/posts/13/responsive/Screenshot-from-2024-12-12-10-45-48-lg.png",
        "type": "file",
        "md5": "7081d61697192bf5bf87851469decb70"
    },
    {
        "path": "/media/posts/13/responsive/Screenshot-from-2024-12-12-10-45-48-md.png",
        "type": "file",
        "md5": "7f151f9c37f7c6c44ca779b28a27b652"
    },
    {
        "path": "/media/posts/13/responsive/Screenshot-from-2024-12-12-10-45-48-sm.png",
        "type": "file",
        "md5": "64a65dfd1bf1447de71bfcb377a86d5e"
    },
    {
        "path": "/media/posts/13/responsive/Screenshot-from-2024-12-12-10-45-48-xs.png",
        "type": "file",
        "md5": "3f1f7f0238546c23823bb0fd18708d7c"
    },
    {
        "path": "media/posts/14",
        "type": "directory",
        "md5": false
    },
    {
        "path": "/media/posts/14/Screenshot-from-2024-12-12-10-46-46.png",
        "type": "file",
        "md5": "011c62ce5630a27826a934c7c850910f"
    },
    {
        "path": "media/posts/14/responsive",
        "type": "directory",
        "md5": false
    },
    {
        "path": "/media/posts/14/responsive/Screenshot-from-2024-12-12-10-46-46-lg.png",
        "type": "file",
        "md5": "fb206609ccddc7eca3ad340937188a89"
    },
    {
        "path": "/media/posts/14/responsive/Screenshot-from-2024-12-12-10-46-46-md.png",
        "type": "file",
        "md5": "4078e14f3d240a21dd9737cd89c7e7ca"
    },
    {
        "path": "/media/posts/14/responsive/Screenshot-from-2024-12-12-10-46-46-sm.png",
        "type": "file",
        "md5": "d823ef4a2c9fe09d1c3020ad10be53e8"
    },
    {
        "path": "/media/posts/14/responsive/Screenshot-from-2024-12-12-10-46-46-xs.png",
        "type": "file",
        "md5": "e92718b8f688066abd7e90eddab4f30b"
    },
    {
        "path": "media/posts/15",
        "type": "directory",
        "md5": false
    },
    {
        "path": "/media/posts/15/Screenshot-from-2024-12-12-10-48-08.png",
        "type": "file",
        "md5": "eae154c17cb0e20afb14e71e573c2afe"
    },
    {
        "path": "media/posts/15/responsive",
        "type": "directory",
        "md5": false
    },
    {
        "path": "/media/posts/15/responsive/Screenshot-from-2024-12-12-10-48-08-lg.png",
        "type": "file",
        "md5": "8ee33dbd02f5ad0de342adab0871116f"
    },
    {
        "path": "/media/posts/15/responsive/Screenshot-from-2024-12-12-10-48-08-md.png",
        "type": "file",
        "md5": "6771ac4ae664f8def8d0b5114cbf4d9f"
    },
    {
        "path": "/media/posts/15/responsive/Screenshot-from-2024-12-12-10-48-08-sm.png",
        "type": "file",
        "md5": "d844474fdca93072a0e5ebe220f35532"
    },
    {
        "path": "/media/posts/15/responsive/Screenshot-from-2024-12-12-10-48-08-xs.png",
        "type": "file",
        "md5": "c516c29fc49def305f2dbdd33cf8b8e2"
    },
    {
        "path": "media/posts/16",
        "type": "directory",
        "md5": false
    },
    {
        "path": "media/posts/16/responsive",
        "type": "directory",
        "md5": false
    },
    {
        "path": "/media/posts/16/responsive/thumb-lg.jpg",
        "type": "file",
        "md5": "f53749788db8ea5d8fbb0c2b356b87ac"
    },
    {
        "path": "/media/posts/16/responsive/thumb-md.jpg",
        "type": "file",
        "md5": "ab45a0a68f356e578d0e6bc11b7380cc"
    },
    {
        "path": "/media/posts/16/responsive/thumb-sm.jpg",
        "type": "file",
        "md5": "42e7eab9135ff8f8b731af9eaee77efa"
    },
    {
        "path": "/media/posts/16/responsive/thumb-xs.jpg",
        "type": "file",
        "md5": "24811f9250f01b8aa6e146414190273b"
    },
    {
        "path": "/media/posts/16/thumb.jpg",
        "type": "file",
        "md5": "948cd85ac127691183083c025f171611"
    },
    {
        "path": "media/posts/17",
        "type": "directory",
        "md5": false
    },
    {
        "path": "/media/posts/17/Screenshot-from-2024-12-12-10-51-47.png",
        "type": "file",
        "md5": "93463e547a5fd92265686d66bed00810"
    },
    {
        "path": "media/posts/17/responsive",
        "type": "directory",
        "md5": false
    },
    {
        "path": "/media/posts/17/responsive/Screenshot-from-2024-12-12-10-51-47-lg.png",
        "type": "file",
        "md5": "e23fb5e0af556638552e81a0177e5955"
    },
    {
        "path": "/media/posts/17/responsive/Screenshot-from-2024-12-12-10-51-47-md.png",
        "type": "file",
        "md5": "d7d236d6cd101c9f1d25a3f8b16bfeb3"
    },
    {
        "path": "/media/posts/17/responsive/Screenshot-from-2024-12-12-10-51-47-sm.png",
        "type": "file",
        "md5": "a5bdf105ba8349d321eef6cae2f7c2e9"
    },
    {
        "path": "/media/posts/17/responsive/Screenshot-from-2024-12-12-10-51-47-xs.png",
        "type": "file",
        "md5": "e2aa01abed64aed87cde5ab2405e6078"
    },
    {
        "path": "media/posts/2",
        "type": "directory",
        "md5": false
    },
    {
        "path": "/media/posts/2/Screenshot-from-2024-12-12-10-10-58.png",
        "type": "file",
        "md5": "69cc9fd4e8159e1760badb65987fd536"
    },
    {
        "path": "media/posts/2/responsive",
        "type": "directory",
        "md5": false
    },
    {
        "path": "/media/posts/2/responsive/Screenshot-from-2024-12-12-10-10-58-lg.png",
        "type": "file",
        "md5": "4e529fa0403bcdc846bbd82673bd6639"
    },
    {
        "path": "/media/posts/2/responsive/Screenshot-from-2024-12-12-10-10-58-md.png",
        "type": "file",
        "md5": "53a990d76d4c638dcfebe9146b18e9ba"
    },
    {
        "path": "/media/posts/2/responsive/Screenshot-from-2024-12-12-10-10-58-sm.png",
        "type": "file",
        "md5": "c1c31e8d86783944af941ee3ba3e1587"
    },
    {
        "path": "/media/posts/2/responsive/Screenshot-from-2024-12-12-10-10-58-xs.png",
        "type": "file",
        "md5": "b32af05a6cbc1565f18b5f382990ef50"
    },
    {
        "path": "media/posts/3",
        "type": "directory",
        "md5": false
    },
    {
        "path": "/media/posts/3/Screenshot-from-2024-12-12-10-21-16.png",
        "type": "file",
        "md5": "47cb9dedb9b8df1c7d7f006b7e3d6fd3"
    },
    {
        "path": "media/posts/3/responsive",
        "type": "directory",
        "md5": false
    },
    {
        "path": "/media/posts/3/responsive/Screenshot-from-2024-12-12-10-21-16-lg.png",
        "type": "file",
        "md5": "cfe1ad685633850a6e1bdab6b01bce25"
    },
    {
        "path": "/media/posts/3/responsive/Screenshot-from-2024-12-12-10-21-16-md.png",
        "type": "file",
        "md5": "cfe1ad685633850a6e1bdab6b01bce25"
    },
    {
        "path": "/media/posts/3/responsive/Screenshot-from-2024-12-12-10-21-16-sm.png",
        "type": "file",
        "md5": "cfe1ad685633850a6e1bdab6b01bce25"
    },
    {
        "path": "/media/posts/3/responsive/Screenshot-from-2024-12-12-10-21-16-xs.png",
        "type": "file",
        "md5": "3116e9a95ec8dc8a5d07aabb2fff07bd"
    },
    {
        "path": "media/posts/4",
        "type": "directory",
        "md5": false
    },
    {
        "path": "/media/posts/4/Screenshot-from-2024-12-12-10-25-08.png",
        "type": "file",
        "md5": "3ba3ecd9dabcc6bca33c55381e4524cd"
    },
    {
        "path": "media/posts/4/responsive",
        "type": "directory",
        "md5": false
    },
    {
        "path": "/media/posts/4/responsive/Screenshot-from-2024-12-12-10-25-08-lg.png",
        "type": "file",
        "md5": "ecd2cd879a9100b17b4a8b3ab3e3a725"
    },
    {
        "path": "/media/posts/4/responsive/Screenshot-from-2024-12-12-10-25-08-md.png",
        "type": "file",
        "md5": "4cd565a8aa2f6084ca3a9c43e5f8d8ab"
    },
    {
        "path": "/media/posts/4/responsive/Screenshot-from-2024-12-12-10-25-08-sm.png",
        "type": "file",
        "md5": "acbcaca0902bf662a52d2be41a1b4f86"
    },
    {
        "path": "/media/posts/4/responsive/Screenshot-from-2024-12-12-10-25-08-xs.png",
        "type": "file",
        "md5": "b159e5eadda4682d6597dca1ff5c0529"
    },
    {
        "path": "media/posts/5",
        "type": "directory",
        "md5": false
    },
    {
        "path": "/media/posts/5/Screenshot-from-2024-12-12-10-27-26.png",
        "type": "file",
        "md5": "92078dd5c02696f4313678b9a16f3f7f"
    },
    {
        "path": "media/posts/5/responsive",
        "type": "directory",
        "md5": false
    },
    {
        "path": "/media/posts/5/responsive/Screenshot-from-2024-12-12-10-27-26-lg.png",
        "type": "file",
        "md5": "cea6429f6b593cace9fa8fe0424c02c1"
    },
    {
        "path": "/media/posts/5/responsive/Screenshot-from-2024-12-12-10-27-26-md.png",
        "type": "file",
        "md5": "54ffdbcb0a4065bf53b9cfdc4e5f7f8d"
    },
    {
        "path": "/media/posts/5/responsive/Screenshot-from-2024-12-12-10-27-26-sm.png",
        "type": "file",
        "md5": "27ab60f17b10bb9598f7773968a42e52"
    },
    {
        "path": "/media/posts/5/responsive/Screenshot-from-2024-12-12-10-27-26-xs.png",
        "type": "file",
        "md5": "a90c49cb4117b31f64d226bbdfd0ebff"
    },
    {
        "path": "media/posts/6",
        "type": "directory",
        "md5": false
    },
    {
        "path": "/media/posts/6/Screenshot-from-2024-12-12-10-29-25.png",
        "type": "file",
        "md5": "d98b9f682546c86d2b40e5886440f2fd"
    },
    {
        "path": "media/posts/6/responsive",
        "type": "directory",
        "md5": false
    },
    {
        "path": "/media/posts/6/responsive/Screenshot-from-2024-12-12-10-29-25-lg.png",
        "type": "file",
        "md5": "1a0b636d5181cf8ce74745571ab05ab7"
    },
    {
        "path": "/media/posts/6/responsive/Screenshot-from-2024-12-12-10-29-25-md.png",
        "type": "file",
        "md5": "147cfe4727046b24cef66263256b9081"
    },
    {
        "path": "/media/posts/6/responsive/Screenshot-from-2024-12-12-10-29-25-sm.png",
        "type": "file",
        "md5": "b202e0c3dbd75bc2b6579ae68063962e"
    },
    {
        "path": "/media/posts/6/responsive/Screenshot-from-2024-12-12-10-29-25-xs.png",
        "type": "file",
        "md5": "756644b81297ea07badc8b53986f2790"
    },
    {
        "path": "media/posts/7",
        "type": "directory",
        "md5": false
    },
    {
        "path": "/media/posts/7/Screenshot-from-2024-12-12-10-31-22.png",
        "type": "file",
        "md5": "bf284333bf579fc18f67b1a53608b921"
    },
    {
        "path": "media/posts/7/responsive",
        "type": "directory",
        "md5": false
    },
    {
        "path": "/media/posts/7/responsive/Screenshot-from-2024-12-12-10-31-22-lg.png",
        "type": "file",
        "md5": "77c02ae4b4a8950acd639184ae6998ae"
    },
    {
        "path": "/media/posts/7/responsive/Screenshot-from-2024-12-12-10-31-22-md.png",
        "type": "file",
        "md5": "c6b125a220cb9edcac5a081feaf84494"
    },
    {
        "path": "/media/posts/7/responsive/Screenshot-from-2024-12-12-10-31-22-sm.png",
        "type": "file",
        "md5": "ab33113a6cbb7db1ab56109a982b7f32"
    },
    {
        "path": "/media/posts/7/responsive/Screenshot-from-2024-12-12-10-31-22-xs.png",
        "type": "file",
        "md5": "41213734f3d8fe86a9cc2e5f0e74bd60"
    },
    {
        "path": "media/posts/8",
        "type": "directory",
        "md5": false
    },
    {
        "path": "/media/posts/8/Screenshot-from-2024-12-12-10-34-17.png",
        "type": "file",
        "md5": "a003e58e9d5a917470fe566b054b2a75"
    },
    {
        "path": "media/posts/8/responsive",
        "type": "directory",
        "md5": false
    },
    {
        "path": "/media/posts/8/responsive/Screenshot-from-2024-12-12-10-34-17-lg.png",
        "type": "file",
        "md5": "4a15294001d48463ee0a67ec0a3fdf08"
    },
    {
        "path": "/media/posts/8/responsive/Screenshot-from-2024-12-12-10-34-17-md.png",
        "type": "file",
        "md5": "a63bf1cc5ef782031c4d227b222f94b7"
    },
    {
        "path": "/media/posts/8/responsive/Screenshot-from-2024-12-12-10-34-17-sm.png",
        "type": "file",
        "md5": "0595e65b54e7c894b422cbcffcb3de28"
    },
    {
        "path": "/media/posts/8/responsive/Screenshot-from-2024-12-12-10-34-17-xs.png",
        "type": "file",
        "md5": "486a33b8b5be1cceac4294c5ffd44fc2"
    },
    {
        "path": "media/posts/9",
        "type": "directory",
        "md5": false
    },
    {
        "path": "/media/posts/9/lambdarest.png",
        "type": "file",
        "md5": "989cc2a0c619ab8389fd5cbf0dd87f33"
    },
    {
        "path": "media/posts/9/responsive",
        "type": "directory",
        "md5": false
    },
    {
        "path": "/media/posts/9/responsive/lambdarest-lg.png",
        "type": "file",
        "md5": "5434cd3bf393e06ed017b48a7c5e2ab3"
    },
    {
        "path": "/media/posts/9/responsive/lambdarest-md.png",
        "type": "file",
        "md5": "5434cd3bf393e06ed017b48a7c5e2ab3"
    },
    {
        "path": "/media/posts/9/responsive/lambdarest-sm.png",
        "type": "file",
        "md5": "28a1d6838ad6c70a899b26af1e3ef292"
    },
    {
        "path": "/media/posts/9/responsive/lambdarest-xs.png",
        "type": "file",
        "md5": "06adfb7c28f2fccd3c007172baab6f05"
    },
    {
        "path": "paul-auster.html",
        "type": "file",
        "md5": "f80da7b425be19ace8029f93ab1e4daa"
    },
    {
        "path": "photobooth.html",
        "type": "file",
        "md5": "6873f86d0ed22e7b3b58fe5ae730b5f7"
    },
    {
        "path": "radio-nabovarme.html",
        "type": "file",
        "md5": "d8406c272f19ad3ad550ff762df09db7"
    },
    {
        "path": "robots.txt",
        "type": "file",
        "md5": "4d31b07df7cbc9301e13b3b61dee2956"
    },
    {
        "path": "rotteraes.html",
        "type": "file",
        "md5": "5001a36fda976797d45f93f1182cc0a7"
    },
    {
        "path": "sitemap.xml",
        "type": "file",
        "md5": "4138e42dd566330138a99ce18d38e5a8"
    },
    {
        "path": "sitemap.xsl",
        "type": "file",
        "md5": "51a7bcec43fa1ef0366100d5c2edbe75"
    },
    {
        "path": "smells-like-sweat.html",
        "type": "file",
        "md5": "a45625bc09cc2cd29c272e92708ac94e"
    },
    {
        "path": "tags",
        "type": "directory",
        "md5": false
    },
    {
        "path": "tags/engineering",
        "type": "directory",
        "md5": false
    },
    {
        "path": "/tags/engineering/index.html",
        "type": "file",
        "md5": "eb01de266cf4750a82769524ef0d4123"
    },
    {
        "path": "/tags/index.html",
        "type": "file",
        "md5": "37d931e6dae627c12ca1359ddbc3f29e"
    },
    {
        "path": "tags/performance",
        "type": "directory",
        "md5": false
    },
    {
        "path": "/tags/performance/index.html",
        "type": "file",
        "md5": "25a48ddb7af363cbef0aa9e2f0a18307"
    },
    {
        "path": "tags/programatic",
        "type": "directory",
        "md5": false
    },
    {
        "path": "/tags/programatic/index.html",
        "type": "file",
        "md5": "8670d3118d10b5bcd78747f4f7b17b3a"
    },
    {
        "path": "tags/software",
        "type": "directory",
        "md5": false
    },
    {
        "path": "/tags/software/index.html",
        "type": "file",
        "md5": "90ed0e6280090b5711d26b6d4d016c84"
    },
    {
        "path": "tags/video",
        "type": "directory",
        "md5": false
    },
    {
        "path": "/tags/video/index.html",
        "type": "file",
        "md5": "9936a754e2d34b9d346b3896af951774"
    },
    {
        "path": "tags/video/page",
        "type": "directory",
        "md5": false
    },
    {
        "path": "tags/video/page/2",
        "type": "directory",
        "md5": false
    },
    {
        "path": "/tags/video/page/2/index.html",
        "type": "file",
        "md5": "7424ca0485b2176a52104e164e077e86"
    },
    {
        "path": "the-plant-or-megatherium-official-video.html",
        "type": "file",
        "md5": "fe3cd2ef376c921e88a044bda117134c"
    },
    {
        "path": "the-plant-or-the-stain-official-video.html",
        "type": "file",
        "md5": "c0902de9945351de1a3076550b5cfc57"
    },
    {
        "path": "the-plant-x-izumisan-ensemble-or-twisdead-instrument-official-video.html",
        "type": "file",
        "md5": "303a41a76981cc33e0be87e8f6fddfdb"
    },
    {
        "path": "untitled-garbage.html",
        "type": "file",
        "md5": "1ac142c30dfb0d04c08b48093bc06985"
    },
    {
        "path": "video.html",
        "type": "file",
        "md5": "47719a2a0df06de8306ffa6f95f2ce19"
    },
    {
        "path": "you-make-me-smile.html",
        "type": "file",
        "md5": "cc82fce0bbc77034d6f27ec7bd8fb44e"
    }
]