[
    {
        "path": "34c3-nabovarme-opensource-heating-infrastructure-in-christiania.html",
        "type": "file",
        "md5": "25d7640c6f743fbc91115fee4a513d6b"
    },
    {
        "path": "404.html",
        "type": "file",
        "md5": "7cc37f36db03257efa9f588e30315fc6"
    },
    {
        "path": "CNAME",
        "type": "file",
        "md5": "b7067e20cca5c9bf468ed8057ae5aacf"
    },
    {
        "path": "asmr-obama.html",
        "type": "file",
        "md5": "7d999eff54daa5e6fe667a4d0f992fae"
    },
    {
        "path": "assets",
        "type": "directory",
        "md5": false
    },
    {
        "path": "assets/css",
        "type": "directory",
        "md5": false
    },
    {
        "path": "/assets/css/editor.css",
        "type": "file",
        "md5": "e5909a88ba1158a79ba2dbf82d6b2d86"
    },
    {
        "path": "/assets/css/main.css",
        "type": "file",
        "md5": "6183c7a6e213be4cfe772235bac19ee8"
    },
    {
        "path": "/assets/css/photoswipe.css",
        "type": "file",
        "md5": "366561c4c503c68e3af3389ac4d7fb8e"
    },
    {
        "path": "/assets/css/style.css",
        "type": "file",
        "md5": "d0baad98ff711f566fd507c55f5e59e2"
    },
    {
        "path": "assets/dynamic",
        "type": "directory",
        "md5": false
    },
    {
        "path": "assets/dynamic/fonts",
        "type": "directory",
        "md5": false
    },
    {
        "path": "assets/dynamic/fonts/jetbrainsmono",
        "type": "directory",
        "md5": false
    },
    {
        "path": "/assets/dynamic/fonts/jetbrainsmono/jetbrainsmono-italic.woff2",
        "type": "file",
        "md5": "ea0a62e6606b4f4b0d534256db7d31cf"
    },
    {
        "path": "/assets/dynamic/fonts/jetbrainsmono/jetbrainsmono.woff2",
        "type": "file",
        "md5": "5affdf56bdbffc36af64d2616187b531"
    },
    {
        "path": "assets/js",
        "type": "directory",
        "md5": false
    },
    {
        "path": "/assets/js/photoswipe-ui-default.min.js",
        "type": "file",
        "md5": "d067f0883540b1ddda0e2c9ad1b14260"
    },
    {
        "path": "/assets/js/photoswipe.min.js",
        "type": "file",
        "md5": "017385b552f7e0d979e2e2fe6f324015"
    },
    {
        "path": "/assets/js/scripts.js",
        "type": "file",
        "md5": "51db36ac9bfaaa60d4fb7a583c143c99"
    },
    {
        "path": "/assets/js/scripts.min.js",
        "type": "file",
        "md5": "c2232aa7558e9517946129d2a1b8c770"
    },
    {
        "path": "/assets/js/svg-fix.js",
        "type": "file",
        "md5": "7c0d2bb7276904b382e80bf2d85e8a96"
    },
    {
        "path": "/assets/js/svg-map.js",
        "type": "file",
        "md5": "12d66f2b2cce51311dd05cef039befb6"
    },
    {
        "path": "assets/svg",
        "type": "directory",
        "md5": false
    },
    {
        "path": "/assets/svg/gallery-icons-dark.svg",
        "type": "file",
        "md5": "0c70735af58190b563b2940b7a07007a"
    },
    {
        "path": "/assets/svg/gallery-icons-light.svg",
        "type": "file",
        "md5": "0bb1f41e2e459d23628833c37d8532f0"
    },
    {
        "path": "/assets/svg/svg-map.svg",
        "type": "file",
        "md5": "d167697bcc673e5b8139fbdc5b9f5240"
    },
    {
        "path": "authors",
        "type": "directory",
        "md5": false
    },
    {
        "path": "authors/supernihil",
        "type": "directory",
        "md5": false
    },
    {
        "path": "/authors/supernihil/index.html",
        "type": "file",
        "md5": "50f3ad7acd365f3afb2f569a53440a45"
    },
    {
        "path": "authors/supernihil/page",
        "type": "directory",
        "md5": false
    },
    {
        "path": "authors/supernihil/page/2",
        "type": "directory",
        "md5": false
    },
    {
        "path": "/authors/supernihil/page/2/index.html",
        "type": "file",
        "md5": "d79727809bd75afce313a8c14076bff0"
    },
    {
        "path": "authors/supernihil/page/3",
        "type": "directory",
        "md5": false
    },
    {
        "path": "/authors/supernihil/page/3/index.html",
        "type": "file",
        "md5": "7572f853cde5e0b917764f682d7be05b"
    },
    {
        "path": "authors/supernihil/page/4",
        "type": "directory",
        "md5": false
    },
    {
        "path": "/authors/supernihil/page/4/index.html",
        "type": "file",
        "md5": "1f54aa1f4590b0f4538fce38b37ab479"
    },
    {
        "path": "balloon-and-broken-cassette-player.html",
        "type": "file",
        "md5": "9b0358b567c35e1c005895fbdbd6af9d"
    },
    {
        "path": "cgi-investigated.html",
        "type": "file",
        "md5": "bfa1186119dc21379ba1f5d788141654"
    },
    {
        "path": "feed.json",
        "type": "file",
        "md5": "8760d4b2ac7efc538eb1366f0bd8d395"
    },
    {
        "path": "feed.xml",
        "type": "file",
        "md5": "144d45b050c35760b30082f638ec410d"
    },
    {
        "path": "gutenhaiku.html",
        "type": "file",
        "md5": "3b4af61ff5a1de425bd247c63b27708b"
    },
    {
        "path": "index.html",
        "type": "file",
        "md5": "1b1311fcf3b7f650df7d1346c9a68881"
    },
    {
        "path": "kattetekno.html",
        "type": "file",
        "md5": "2e53d29ef5ef456f92a6a9e0f12ff112"
    },
    {
        "path": "lambdarest.html",
        "type": "file",
        "md5": "f00dd6eb3bfbcc8aa496277e6ffd4df0"
    },
    {
        "path": "left-you-behind.html",
        "type": "file",
        "md5": "6dfffc52e5a952d12f497750987e0f34"
    },
    {
        "path": "live-coding-visuals.html",
        "type": "file",
        "md5": "c49f2ac10bbe91852cf3619ebf655231"
    },
    {
        "path": "markov-fimbul.html",
        "type": "file",
        "md5": "b7fcc1d43133228002667a0faaae595f"
    },
    {
        "path": "media",
        "type": "directory",
        "md5": false
    },
    {
        "path": "media/files",
        "type": "directory",
        "md5": false
    },
    {
        "path": "/media/files/logo.png",
        "type": "file",
        "md5": "255f7df6e10c795bdf63e1d383f43f21"
    },
    {
        "path": "media/posts",
        "type": "directory",
        "md5": false
    },
    {
        "path": "media/posts/1",
        "type": "directory",
        "md5": false
    },
    {
        "path": "/media/posts/1/Screenshot-from-2024-12-12-09-52-30.png",
        "type": "file",
        "md5": "5d63f6d52200d44341d79ce50e719d42"
    },
    {
        "path": "media/posts/1/responsive",
        "type": "directory",
        "md5": false
    },
    {
        "path": "/media/posts/1/responsive/Screenshot-from-2024-12-12-09-52-30-lg.png",
        "type": "file",
        "md5": "3908016da5cdf159a3aa19f53d396482"
    },
    {
        "path": "/media/posts/1/responsive/Screenshot-from-2024-12-12-09-52-30-md.png",
        "type": "file",
        "md5": "67e5d2b42dee5355b6cbcd92af19a74d"
    },
    {
        "path": "/media/posts/1/responsive/Screenshot-from-2024-12-12-09-52-30-sm.png",
        "type": "file",
        "md5": "e47411b6feef92072416d1010b68a594"
    },
    {
        "path": "/media/posts/1/responsive/Screenshot-from-2024-12-12-09-52-30-xs.png",
        "type": "file",
        "md5": "278be338faadd64b1dc55a320aae1b29"
    },
    {
        "path": "media/posts/10",
        "type": "directory",
        "md5": false
    },
    {
        "path": "/media/posts/10/Screenshot-from-2024-12-12-10-37-40.png",
        "type": "file",
        "md5": "ed0ac75fc561883d5f0c1994b40e065d"
    },
    {
        "path": "media/posts/10/responsive",
        "type": "directory",
        "md5": false
    },
    {
        "path": "/media/posts/10/responsive/Screenshot-from-2024-12-12-10-37-40-lg.png",
        "type": "file",
        "md5": "d395c4f1a8f68c4f4a4753fb7d4147c3"
    },
    {
        "path": "/media/posts/10/responsive/Screenshot-from-2024-12-12-10-37-40-md.png",
        "type": "file",
        "md5": "946c147a4920f208cd96dac25dd8d648"
    },
    {
        "path": "/media/posts/10/responsive/Screenshot-from-2024-12-12-10-37-40-sm.png",
        "type": "file",
        "md5": "20e9488fb58745c77d9357f0c624d398"
    },
    {
        "path": "/media/posts/10/responsive/Screenshot-from-2024-12-12-10-37-40-xs.png",
        "type": "file",
        "md5": "87a6aa68ba671bb163a1a60a51bfa722"
    },
    {
        "path": "media/posts/11",
        "type": "directory",
        "md5": false
    },
    {
        "path": "/media/posts/11/Screenshot-from-2024-12-12-10-39-51.png",
        "type": "file",
        "md5": "589c765cfe9b085eba814033ee1d6901"
    },
    {
        "path": "media/posts/11/responsive",
        "type": "directory",
        "md5": false
    },
    {
        "path": "/media/posts/11/responsive/Screenshot-from-2024-12-12-10-39-51-lg.png",
        "type": "file",
        "md5": "905d0c5f3bf52522a7447a3ba550da4b"
    },
    {
        "path": "/media/posts/11/responsive/Screenshot-from-2024-12-12-10-39-51-md.png",
        "type": "file",
        "md5": "1b14abc3c3c8af358fbfefaeae269252"
    },
    {
        "path": "/media/posts/11/responsive/Screenshot-from-2024-12-12-10-39-51-sm.png",
        "type": "file",
        "md5": "e8f2b35a4647abebc1522a257a861aec"
    },
    {
        "path": "/media/posts/11/responsive/Screenshot-from-2024-12-12-10-39-51-xs.png",
        "type": "file",
        "md5": "79a653a609f5ddc9630948b2a6f3c508"
    },
    {
        "path": "media/posts/12",
        "type": "directory",
        "md5": false
    },
    {
        "path": "/media/posts/12/Screenshot-from-2024-12-12-10-42-44.png",
        "type": "file",
        "md5": "bf64568220017cba9b937fbc0ba11831"
    },
    {
        "path": "media/posts/12/responsive",
        "type": "directory",
        "md5": false
    },
    {
        "path": "/media/posts/12/responsive/Screenshot-from-2024-12-12-10-42-44-lg.png",
        "type": "file",
        "md5": "94504bf39afd8bcae9e825efdebb217f"
    },
    {
        "path": "/media/posts/12/responsive/Screenshot-from-2024-12-12-10-42-44-md.png",
        "type": "file",
        "md5": "18cf5fe9af30c884277af223cb5c3c8d"
    },
    {
        "path": "/media/posts/12/responsive/Screenshot-from-2024-12-12-10-42-44-sm.png",
        "type": "file",
        "md5": "c22f65269203d8f7ad4cb336158b287d"
    },
    {
        "path": "/media/posts/12/responsive/Screenshot-from-2024-12-12-10-42-44-xs.png",
        "type": "file",
        "md5": "17334325d34b4cb2ddfb80086221b85d"
    },
    {
        "path": "media/posts/13",
        "type": "directory",
        "md5": false
    },
    {
        "path": "/media/posts/13/Screenshot-from-2024-12-12-10-45-48.png",
        "type": "file",
        "md5": "7ba537a4c20fb753d39aa31993ab9a20"
    },
    {
        "path": "media/posts/13/responsive",
        "type": "directory",
        "md5": false
    },
    {
        "path": "/media/posts/13/responsive/Screenshot-from-2024-12-12-10-45-48-lg.png",
        "type": "file",
        "md5": "7081d61697192bf5bf87851469decb70"
    },
    {
        "path": "/media/posts/13/responsive/Screenshot-from-2024-12-12-10-45-48-md.png",
        "type": "file",
        "md5": "7f151f9c37f7c6c44ca779b28a27b652"
    },
    {
        "path": "/media/posts/13/responsive/Screenshot-from-2024-12-12-10-45-48-sm.png",
        "type": "file",
        "md5": "64a65dfd1bf1447de71bfcb377a86d5e"
    },
    {
        "path": "/media/posts/13/responsive/Screenshot-from-2024-12-12-10-45-48-xs.png",
        "type": "file",
        "md5": "3f1f7f0238546c23823bb0fd18708d7c"
    },
    {
        "path": "media/posts/14",
        "type": "directory",
        "md5": false
    },
    {
        "path": "/media/posts/14/Screenshot-from-2024-12-12-10-46-46.png",
        "type": "file",
        "md5": "011c62ce5630a27826a934c7c850910f"
    },
    {
        "path": "media/posts/14/responsive",
        "type": "directory",
        "md5": false
    },
    {
        "path": "/media/posts/14/responsive/Screenshot-from-2024-12-12-10-46-46-lg.png",
        "type": "file",
        "md5": "fb206609ccddc7eca3ad340937188a89"
    },
    {
        "path": "/media/posts/14/responsive/Screenshot-from-2024-12-12-10-46-46-md.png",
        "type": "file",
        "md5": "4078e14f3d240a21dd9737cd89c7e7ca"
    },
    {
        "path": "/media/posts/14/responsive/Screenshot-from-2024-12-12-10-46-46-sm.png",
        "type": "file",
        "md5": "d823ef4a2c9fe09d1c3020ad10be53e8"
    },
    {
        "path": "/media/posts/14/responsive/Screenshot-from-2024-12-12-10-46-46-xs.png",
        "type": "file",
        "md5": "e92718b8f688066abd7e90eddab4f30b"
    },
    {
        "path": "media/posts/15",
        "type": "directory",
        "md5": false
    },
    {
        "path": "/media/posts/15/Screenshot-from-2024-12-12-10-48-08.png",
        "type": "file",
        "md5": "eae154c17cb0e20afb14e71e573c2afe"
    },
    {
        "path": "media/posts/15/responsive",
        "type": "directory",
        "md5": false
    },
    {
        "path": "/media/posts/15/responsive/Screenshot-from-2024-12-12-10-48-08-lg.png",
        "type": "file",
        "md5": "8ee33dbd02f5ad0de342adab0871116f"
    },
    {
        "path": "/media/posts/15/responsive/Screenshot-from-2024-12-12-10-48-08-md.png",
        "type": "file",
        "md5": "6771ac4ae664f8def8d0b5114cbf4d9f"
    },
    {
        "path": "/media/posts/15/responsive/Screenshot-from-2024-12-12-10-48-08-sm.png",
        "type": "file",
        "md5": "d844474fdca93072a0e5ebe220f35532"
    },
    {
        "path": "/media/posts/15/responsive/Screenshot-from-2024-12-12-10-48-08-xs.png",
        "type": "file",
        "md5": "c516c29fc49def305f2dbdd33cf8b8e2"
    },
    {
        "path": "media/posts/16",
        "type": "directory",
        "md5": false
    },
    {
        "path": "media/posts/16/responsive",
        "type": "directory",
        "md5": false
    },
    {
        "path": "/media/posts/16/responsive/thumb-lg.jpg",
        "type": "file",
        "md5": "f53749788db8ea5d8fbb0c2b356b87ac"
    },
    {
        "path": "/media/posts/16/responsive/thumb-md.jpg",
        "type": "file",
        "md5": "ab45a0a68f356e578d0e6bc11b7380cc"
    },
    {
        "path": "/media/posts/16/responsive/thumb-sm.jpg",
        "type": "file",
        "md5": "42e7eab9135ff8f8b731af9eaee77efa"
    },
    {
        "path": "/media/posts/16/responsive/thumb-xs.jpg",
        "type": "file",
        "md5": "24811f9250f01b8aa6e146414190273b"
    },
    {
        "path": "/media/posts/16/thumb.jpg",
        "type": "file",
        "md5": "948cd85ac127691183083c025f171611"
    },
    {
        "path": "media/posts/17",
        "type": "directory",
        "md5": false
    },
    {
        "path": "/media/posts/17/Screenshot-from-2024-12-12-10-51-47.png",
        "type": "file",
        "md5": "93463e547a5fd92265686d66bed00810"
    },
    {
        "path": "media/posts/17/responsive",
        "type": "directory",
        "md5": false
    },
    {
        "path": "/media/posts/17/responsive/Screenshot-from-2024-12-12-10-51-47-lg.png",
        "type": "file",
        "md5": "e23fb5e0af556638552e81a0177e5955"
    },
    {
        "path": "/media/posts/17/responsive/Screenshot-from-2024-12-12-10-51-47-md.png",
        "type": "file",
        "md5": "d7d236d6cd101c9f1d25a3f8b16bfeb3"
    },
    {
        "path": "/media/posts/17/responsive/Screenshot-from-2024-12-12-10-51-47-sm.png",
        "type": "file",
        "md5": "a5bdf105ba8349d321eef6cae2f7c2e9"
    },
    {
        "path": "/media/posts/17/responsive/Screenshot-from-2024-12-12-10-51-47-xs.png",
        "type": "file",
        "md5": "e2aa01abed64aed87cde5ab2405e6078"
    },
    {
        "path": "media/posts/19",
        "type": "directory",
        "md5": false
    },
    {
        "path": "/media/posts/19/Screenshot-from-2025-01-07-16-09-11.png",
        "type": "file",
        "md5": "39d19859cb9f9dde20dca2ee3a0bd470"
    },
    {
        "path": "media/posts/19/responsive",
        "type": "directory",
        "md5": false
    },
    {
        "path": "/media/posts/19/responsive/Screenshot-from-2025-01-07-16-09-11-lg.png",
        "type": "file",
        "md5": "1837556b55258f0dbffc380dc8e40152"
    },
    {
        "path": "/media/posts/19/responsive/Screenshot-from-2025-01-07-16-09-11-md.png",
        "type": "file",
        "md5": "1837556b55258f0dbffc380dc8e40152"
    },
    {
        "path": "/media/posts/19/responsive/Screenshot-from-2025-01-07-16-09-11-sm.png",
        "type": "file",
        "md5": "cae3e28b018721d0635a0a56dac417f6"
    },
    {
        "path": "/media/posts/19/responsive/Screenshot-from-2025-01-07-16-09-11-xs.png",
        "type": "file",
        "md5": "52be4d3e2ba4bf281f2dbe7d1e7d8d1e"
    },
    {
        "path": "media/posts/2",
        "type": "directory",
        "md5": false
    },
    {
        "path": "/media/posts/2/Screenshot-from-2024-12-12-10-10-58.png",
        "type": "file",
        "md5": "69cc9fd4e8159e1760badb65987fd536"
    },
    {
        "path": "media/posts/2/responsive",
        "type": "directory",
        "md5": false
    },
    {
        "path": "/media/posts/2/responsive/Screenshot-from-2024-12-12-10-10-58-lg.png",
        "type": "file",
        "md5": "4e529fa0403bcdc846bbd82673bd6639"
    },
    {
        "path": "/media/posts/2/responsive/Screenshot-from-2024-12-12-10-10-58-md.png",
        "type": "file",
        "md5": "53a990d76d4c638dcfebe9146b18e9ba"
    },
    {
        "path": "/media/posts/2/responsive/Screenshot-from-2024-12-12-10-10-58-sm.png",
        "type": "file",
        "md5": "c1c31e8d86783944af941ee3ba3e1587"
    },
    {
        "path": "/media/posts/2/responsive/Screenshot-from-2024-12-12-10-10-58-xs.png",
        "type": "file",
        "md5": "b32af05a6cbc1565f18b5f382990ef50"
    },
    {
        "path": "media/posts/20",
        "type": "directory",
        "md5": false
    },
    {
        "path": "/media/posts/20/6y31qmy31inj791bu0jh.png",
        "type": "file",
        "md5": "1a49d5397915c9c17067dc0bb40a727a"
    },
    {
        "path": "media/posts/20/responsive",
        "type": "directory",
        "md5": false
    },
    {
        "path": "/media/posts/20/responsive/6y31qmy31inj791bu0jh-lg.png",
        "type": "file",
        "md5": "660b1cd5cd392d5e446ed9c75e419ac6"
    },
    {
        "path": "/media/posts/20/responsive/6y31qmy31inj791bu0jh-md.png",
        "type": "file",
        "md5": "7be6cca40340e95df500cd36d7e9bbd4"
    },
    {
        "path": "/media/posts/20/responsive/6y31qmy31inj791bu0jh-sm.png",
        "type": "file",
        "md5": "504d0f6c0c649cf22dc1f11a5edc4cd6"
    },
    {
        "path": "/media/posts/20/responsive/6y31qmy31inj791bu0jh-xs.png",
        "type": "file",
        "md5": "26eabd9b770a796edd7b26b73b65e26c"
    },
    {
        "path": "media/posts/21",
        "type": "directory",
        "md5": false
    },
    {
        "path": "/media/posts/21/Screenshot-from-2025-01-07-16-19-15.png",
        "type": "file",
        "md5": "c725139e4a6eb367bf5e8a3c5a6e06bc"
    },
    {
        "path": "media/posts/21/responsive",
        "type": "directory",
        "md5": false
    },
    {
        "path": "/media/posts/21/responsive/Screenshot-from-2025-01-07-16-19-15-lg.png",
        "type": "file",
        "md5": "ef69166a80a15eadc66d5b5165ae3b55"
    },
    {
        "path": "/media/posts/21/responsive/Screenshot-from-2025-01-07-16-19-15-md.png",
        "type": "file",
        "md5": "d19ac178ac14773877e48eb317a368fd"
    },
    {
        "path": "/media/posts/21/responsive/Screenshot-from-2025-01-07-16-19-15-sm.png",
        "type": "file",
        "md5": "a00db92f0ec4b7513a27d7bb2b5222c9"
    },
    {
        "path": "/media/posts/21/responsive/Screenshot-from-2025-01-07-16-19-15-xs.png",
        "type": "file",
        "md5": "89d72039817f29be0d3db441df1eaafb"
    },
    {
        "path": "media/posts/22",
        "type": "directory",
        "md5": false
    },
    {
        "path": "/media/posts/22/Screenshot-from-2025-01-07-16-22-01.png",
        "type": "file",
        "md5": "eacec0dde43e080d89a13e4192833de0"
    },
    {
        "path": "media/posts/22/responsive",
        "type": "directory",
        "md5": false
    },
    {
        "path": "/media/posts/22/responsive/Screenshot-from-2025-01-07-16-22-01-lg.png",
        "type": "file",
        "md5": "aa5aceabd910a2a06470f1b07a55d44c"
    },
    {
        "path": "/media/posts/22/responsive/Screenshot-from-2025-01-07-16-22-01-md.png",
        "type": "file",
        "md5": "44e9bc6ad086e1ed9af3dc2d3125e89a"
    },
    {
        "path": "/media/posts/22/responsive/Screenshot-from-2025-01-07-16-22-01-sm.png",
        "type": "file",
        "md5": "a9beeeeea060b05f9f7f06c0558e0409"
    },
    {
        "path": "/media/posts/22/responsive/Screenshot-from-2025-01-07-16-22-01-xs.png",
        "type": "file",
        "md5": "0daf16d5cb623acd80590b090f5037d2"
    },
    {
        "path": "media/posts/23",
        "type": "directory",
        "md5": false
    },
    {
        "path": "/media/posts/23/Screenshot-from-2025-01-07-16-24-25.png",
        "type": "file",
        "md5": "367e747bfbb5ba12c7d821cea043e733"
    },
    {
        "path": "media/posts/23/responsive",
        "type": "directory",
        "md5": false
    },
    {
        "path": "/media/posts/23/responsive/Screenshot-from-2025-01-07-16-24-25-lg.png",
        "type": "file",
        "md5": "8f6fb3b1a4f4887ac7c4d50da3d2bbac"
    },
    {
        "path": "/media/posts/23/responsive/Screenshot-from-2025-01-07-16-24-25-md.png",
        "type": "file",
        "md5": "e089bc9ef24ab2dbd9a96bdc9c3bbc01"
    },
    {
        "path": "/media/posts/23/responsive/Screenshot-from-2025-01-07-16-24-25-sm.png",
        "type": "file",
        "md5": "8821ae9a69e02b35e3064074f5517dfb"
    },
    {
        "path": "/media/posts/23/responsive/Screenshot-from-2025-01-07-16-24-25-xs.png",
        "type": "file",
        "md5": "0a02961e81ba72d2735f0d9dff07bcb5"
    },
    {
        "path": "media/posts/24",
        "type": "directory",
        "md5": false
    },
    {
        "path": "/media/posts/24/Screenshot-from-2025-01-07-16-27-01.png",
        "type": "file",
        "md5": "0fb6722bca95f773fabf2112037dd822"
    },
    {
        "path": "media/posts/24/responsive",
        "type": "directory",
        "md5": false
    },
    {
        "path": "/media/posts/24/responsive/Screenshot-from-2025-01-07-16-27-01-lg.png",
        "type": "file",
        "md5": "542a1df85a9741c2fbf4bc37f0886b18"
    },
    {
        "path": "/media/posts/24/responsive/Screenshot-from-2025-01-07-16-27-01-md.png",
        "type": "file",
        "md5": "6a9eae6a21058c292a811f30f75c7d74"
    },
    {
        "path": "/media/posts/24/responsive/Screenshot-from-2025-01-07-16-27-01-sm.png",
        "type": "file",
        "md5": "22f88dd2bcaa05f899cf1d0628f323d8"
    },
    {
        "path": "/media/posts/24/responsive/Screenshot-from-2025-01-07-16-27-01-xs.png",
        "type": "file",
        "md5": "87c6ada9ef22f3b75f99d40b8331d644"
    },
    {
        "path": "media/posts/25",
        "type": "directory",
        "md5": false
    },
    {
        "path": "/media/posts/25/Screenshot-from-2025-01-07-16-31-09.png",
        "type": "file",
        "md5": "ecfd1979296f1a141980abd1930a4690"
    },
    {
        "path": "media/posts/25/responsive",
        "type": "directory",
        "md5": false
    },
    {
        "path": "/media/posts/25/responsive/Screenshot-from-2025-01-07-16-31-09-lg.png",
        "type": "file",
        "md5": "cc21d6bde965ee0ed02f25dfd6621a16"
    },
    {
        "path": "/media/posts/25/responsive/Screenshot-from-2025-01-07-16-31-09-md.png",
        "type": "file",
        "md5": "909e39311df92a1292ac5901a1fc014f"
    },
    {
        "path": "/media/posts/25/responsive/Screenshot-from-2025-01-07-16-31-09-sm.png",
        "type": "file",
        "md5": "5d7f0aefd0c06bb9b77395bfcb72e1d6"
    },
    {
        "path": "/media/posts/25/responsive/Screenshot-from-2025-01-07-16-31-09-xs.png",
        "type": "file",
        "md5": "70f9b4452c5ac089f8527ed6ad8c9d22"
    },
    {
        "path": "media/posts/3",
        "type": "directory",
        "md5": false
    },
    {
        "path": "/media/posts/3/Screenshot-from-2024-12-12-10-21-16.png",
        "type": "file",
        "md5": "47cb9dedb9b8df1c7d7f006b7e3d6fd3"
    },
    {
        "path": "media/posts/3/responsive",
        "type": "directory",
        "md5": false
    },
    {
        "path": "/media/posts/3/responsive/Screenshot-from-2024-12-12-10-21-16-lg.png",
        "type": "file",
        "md5": "cfe1ad685633850a6e1bdab6b01bce25"
    },
    {
        "path": "/media/posts/3/responsive/Screenshot-from-2024-12-12-10-21-16-md.png",
        "type": "file",
        "md5": "cfe1ad685633850a6e1bdab6b01bce25"
    },
    {
        "path": "/media/posts/3/responsive/Screenshot-from-2024-12-12-10-21-16-sm.png",
        "type": "file",
        "md5": "cfe1ad685633850a6e1bdab6b01bce25"
    },
    {
        "path": "/media/posts/3/responsive/Screenshot-from-2024-12-12-10-21-16-xs.png",
        "type": "file",
        "md5": "3116e9a95ec8dc8a5d07aabb2fff07bd"
    },
    {
        "path": "media/posts/4",
        "type": "directory",
        "md5": false
    },
    {
        "path": "/media/posts/4/Screenshot-from-2024-12-12-10-25-08.png",
        "type": "file",
        "md5": "3ba3ecd9dabcc6bca33c55381e4524cd"
    },
    {
        "path": "media/posts/4/responsive",
        "type": "directory",
        "md5": false
    },
    {
        "path": "/media/posts/4/responsive/Screenshot-from-2024-12-12-10-25-08-lg.png",
        "type": "file",
        "md5": "ecd2cd879a9100b17b4a8b3ab3e3a725"
    },
    {
        "path": "/media/posts/4/responsive/Screenshot-from-2024-12-12-10-25-08-md.png",
        "type": "file",
        "md5": "4cd565a8aa2f6084ca3a9c43e5f8d8ab"
    },
    {
        "path": "/media/posts/4/responsive/Screenshot-from-2024-12-12-10-25-08-sm.png",
        "type": "file",
        "md5": "acbcaca0902bf662a52d2be41a1b4f86"
    },
    {
        "path": "/media/posts/4/responsive/Screenshot-from-2024-12-12-10-25-08-xs.png",
        "type": "file",
        "md5": "b159e5eadda4682d6597dca1ff5c0529"
    },
    {
        "path": "media/posts/5",
        "type": "directory",
        "md5": false
    },
    {
        "path": "/media/posts/5/Screenshot-from-2024-12-12-10-27-26.png",
        "type": "file",
        "md5": "92078dd5c02696f4313678b9a16f3f7f"
    },
    {
        "path": "media/posts/5/responsive",
        "type": "directory",
        "md5": false
    },
    {
        "path": "/media/posts/5/responsive/Screenshot-from-2024-12-12-10-27-26-lg.png",
        "type": "file",
        "md5": "cea6429f6b593cace9fa8fe0424c02c1"
    },
    {
        "path": "/media/posts/5/responsive/Screenshot-from-2024-12-12-10-27-26-md.png",
        "type": "file",
        "md5": "54ffdbcb0a4065bf53b9cfdc4e5f7f8d"
    },
    {
        "path": "/media/posts/5/responsive/Screenshot-from-2024-12-12-10-27-26-sm.png",
        "type": "file",
        "md5": "27ab60f17b10bb9598f7773968a42e52"
    },
    {
        "path": "/media/posts/5/responsive/Screenshot-from-2024-12-12-10-27-26-xs.png",
        "type": "file",
        "md5": "a90c49cb4117b31f64d226bbdfd0ebff"
    },
    {
        "path": "media/posts/6",
        "type": "directory",
        "md5": false
    },
    {
        "path": "/media/posts/6/Screenshot-from-2024-12-12-10-29-25.png",
        "type": "file",
        "md5": "d98b9f682546c86d2b40e5886440f2fd"
    },
    {
        "path": "media/posts/6/responsive",
        "type": "directory",
        "md5": false
    },
    {
        "path": "/media/posts/6/responsive/Screenshot-from-2024-12-12-10-29-25-lg.png",
        "type": "file",
        "md5": "1a0b636d5181cf8ce74745571ab05ab7"
    },
    {
        "path": "/media/posts/6/responsive/Screenshot-from-2024-12-12-10-29-25-md.png",
        "type": "file",
        "md5": "147cfe4727046b24cef66263256b9081"
    },
    {
        "path": "/media/posts/6/responsive/Screenshot-from-2024-12-12-10-29-25-sm.png",
        "type": "file",
        "md5": "b202e0c3dbd75bc2b6579ae68063962e"
    },
    {
        "path": "/media/posts/6/responsive/Screenshot-from-2024-12-12-10-29-25-xs.png",
        "type": "file",
        "md5": "756644b81297ea07badc8b53986f2790"
    },
    {
        "path": "media/posts/7",
        "type": "directory",
        "md5": false
    },
    {
        "path": "/media/posts/7/Screenshot-from-2024-12-12-10-31-22.png",
        "type": "file",
        "md5": "bf284333bf579fc18f67b1a53608b921"
    },
    {
        "path": "media/posts/7/responsive",
        "type": "directory",
        "md5": false
    },
    {
        "path": "/media/posts/7/responsive/Screenshot-from-2024-12-12-10-31-22-lg.png",
        "type": "file",
        "md5": "77c02ae4b4a8950acd639184ae6998ae"
    },
    {
        "path": "/media/posts/7/responsive/Screenshot-from-2024-12-12-10-31-22-md.png",
        "type": "file",
        "md5": "c6b125a220cb9edcac5a081feaf84494"
    },
    {
        "path": "/media/posts/7/responsive/Screenshot-from-2024-12-12-10-31-22-sm.png",
        "type": "file",
        "md5": "ab33113a6cbb7db1ab56109a982b7f32"
    },
    {
        "path": "/media/posts/7/responsive/Screenshot-from-2024-12-12-10-31-22-xs.png",
        "type": "file",
        "md5": "41213734f3d8fe86a9cc2e5f0e74bd60"
    },
    {
        "path": "media/posts/8",
        "type": "directory",
        "md5": false
    },
    {
        "path": "/media/posts/8/Screenshot-from-2024-12-12-10-34-17.png",
        "type": "file",
        "md5": "a003e58e9d5a917470fe566b054b2a75"
    },
    {
        "path": "media/posts/8/responsive",
        "type": "directory",
        "md5": false
    },
    {
        "path": "/media/posts/8/responsive/Screenshot-from-2024-12-12-10-34-17-lg.png",
        "type": "file",
        "md5": "4a15294001d48463ee0a67ec0a3fdf08"
    },
    {
        "path": "/media/posts/8/responsive/Screenshot-from-2024-12-12-10-34-17-md.png",
        "type": "file",
        "md5": "a63bf1cc5ef782031c4d227b222f94b7"
    },
    {
        "path": "/media/posts/8/responsive/Screenshot-from-2024-12-12-10-34-17-sm.png",
        "type": "file",
        "md5": "0595e65b54e7c894b422cbcffcb3de28"
    },
    {
        "path": "/media/posts/8/responsive/Screenshot-from-2024-12-12-10-34-17-xs.png",
        "type": "file",
        "md5": "486a33b8b5be1cceac4294c5ffd44fc2"
    },
    {
        "path": "media/posts/9",
        "type": "directory",
        "md5": false
    },
    {
        "path": "/media/posts/9/lambdarest.png",
        "type": "file",
        "md5": "989cc2a0c619ab8389fd5cbf0dd87f33"
    },
    {
        "path": "media/posts/9/responsive",
        "type": "directory",
        "md5": false
    },
    {
        "path": "/media/posts/9/responsive/lambdarest-lg.png",
        "type": "file",
        "md5": "5434cd3bf393e06ed017b48a7c5e2ab3"
    },
    {
        "path": "/media/posts/9/responsive/lambdarest-md.png",
        "type": "file",
        "md5": "5434cd3bf393e06ed017b48a7c5e2ab3"
    },
    {
        "path": "/media/posts/9/responsive/lambdarest-sm.png",
        "type": "file",
        "md5": "28a1d6838ad6c70a899b26af1e3ef292"
    },
    {
        "path": "/media/posts/9/responsive/lambdarest-xs.png",
        "type": "file",
        "md5": "06adfb7c28f2fccd3c007172baab6f05"
    },
    {
        "path": "paul-auster.html",
        "type": "file",
        "md5": "9ccf887ae6c1fd7a2b4931d31927c8e6"
    },
    {
        "path": "photobooth.html",
        "type": "file",
        "md5": "c06f089c0a9e4588f4950b35b5a74a0c"
    },
    {
        "path": "radio-nabovarme.html",
        "type": "file",
        "md5": "53fb90c66261a903d8c0f8be163b9f5e"
    },
    {
        "path": "robots.txt",
        "type": "file",
        "md5": "4d31b07df7cbc9301e13b3b61dee2956"
    },
    {
        "path": "rotteraes.html",
        "type": "file",
        "md5": "3877d8aecd6522ebf3285e9ba922f169"
    },
    {
        "path": "simkojn.html",
        "type": "file",
        "md5": "59b077528e4a6dc240651998863846f1"
    },
    {
        "path": "sitemap.xml",
        "type": "file",
        "md5": "1292f1a76b1ddad4f24dcbc5b2d6eb96"
    },
    {
        "path": "sitemap.xsl",
        "type": "file",
        "md5": "51a7bcec43fa1ef0366100d5c2edbe75"
    },
    {
        "path": "smells-like-sweat.html",
        "type": "file",
        "md5": "972146d96ccd72df8a0c8c9685b160ae"
    },
    {
        "path": "sodamixer-and-beatape.html",
        "type": "file",
        "md5": "90d243bafb615e0b90d34a1351c7bcff"
    },
    {
        "path": "tags",
        "type": "directory",
        "md5": false
    },
    {
        "path": "tags/engineering",
        "type": "directory",
        "md5": false
    },
    {
        "path": "/tags/engineering/index.html",
        "type": "file",
        "md5": "e9c456db930a3ef90168847e1a1095f0"
    },
    {
        "path": "/tags/index.html",
        "type": "file",
        "md5": "c4840101d9afbfc2af2b1d84b63e7fc2"
    },
    {
        "path": "tags/performance",
        "type": "directory",
        "md5": false
    },
    {
        "path": "/tags/performance/index.html",
        "type": "file",
        "md5": "7eeab4ea78411622648034d76c31935d"
    },
    {
        "path": "tags/performance/page",
        "type": "directory",
        "md5": false
    },
    {
        "path": "tags/performance/page/2",
        "type": "directory",
        "md5": false
    },
    {
        "path": "/tags/performance/page/2/index.html",
        "type": "file",
        "md5": "89754ef8c777ee97bf7826b9333813c9"
    },
    {
        "path": "tags/programatic",
        "type": "directory",
        "md5": false
    },
    {
        "path": "/tags/programatic/index.html",
        "type": "file",
        "md5": "ded80a444b9b7a3a6639c539760c3a1c"
    },
    {
        "path": "tags/software",
        "type": "directory",
        "md5": false
    },
    {
        "path": "/tags/software/index.html",
        "type": "file",
        "md5": "7914059f577b98595f93a77238c091c3"
    },
    {
        "path": "tags/video",
        "type": "directory",
        "md5": false
    },
    {
        "path": "/tags/video/index.html",
        "type": "file",
        "md5": "b5b07c678bb7a3e3769d9aad6cc303fd"
    },
    {
        "path": "tags/video/page",
        "type": "directory",
        "md5": false
    },
    {
        "path": "tags/video/page/2",
        "type": "directory",
        "md5": false
    },
    {
        "path": "/tags/video/page/2/index.html",
        "type": "file",
        "md5": "992be883faa1421d170115b5619d6ee4"
    },
    {
        "path": "tags/video/page/3",
        "type": "directory",
        "md5": false
    },
    {
        "path": "/tags/video/page/3/index.html",
        "type": "file",
        "md5": "a24f2252dc703c54e90850672a1f2462"
    },
    {
        "path": "the-plant-or-megatherium-official-video.html",
        "type": "file",
        "md5": "b2812218240dd72024fca1e8f301eba2"
    },
    {
        "path": "the-plant-or-the-stain-official-video.html",
        "type": "file",
        "md5": "6240083768530094c07dcc8c5270b5d2"
    },
    {
        "path": "the-plant-x-izumisan-ensemble-or-twisdead-instrument-official-video.html",
        "type": "file",
        "md5": "8fc8d6b4ab4b76db509e711009c2f458"
    },
    {
        "path": "untitled-garbage.html",
        "type": "file",
        "md5": "8ab3249ca1f9e0da7bcb0d714935de95"
    },
    {
        "path": "video.html",
        "type": "file",
        "md5": "c475fdc65213506ad1aeb77b22ec767c"
    },
    {
        "path": "video2sound2video.html",
        "type": "file",
        "md5": "487f55c15e60f92debbe3d579d76c717"
    },
    {
        "path": "you-make-me-smile.html",
        "type": "file",
        "md5": "ac59497dac3a0191d6a17dee0b260dc5"
    }
]